temperature,humidity,time
30.0,36.0,2023-07-06 17:17:06.300848
30.0,37.0,2023-07-06 17:17:07.826704
30.0,37.0,2023-07-06 17:17:09.353218
31.0,37.0,2023-07-06 17:17:10.879074
31.0,37.0,2023-07-06 17:17:12.405501
31.0,37.0,2023-07-06 17:17:13.931192
31.0,38.0,2023-07-06 17:17:15.458336
31.0,38.0,2023-07-06 17:17:19.510990
31.0,37.0,2023-07-06 17:17:21.037079
31.0,37.0,2023-07-06 17:17:22.563178
31.0,37.0,2023-07-06 17:17:24.088962
31.0,37.0,2023-07-06 17:17:25.614847
31.0,37.0,2023-07-06 17:17:27.140633
31.0,38.0,2023-07-06 17:17:28.666486
31.0,38.0,2023-07-06 17:17:30.192302
31.0,38.0,2023-07-06 17:17:31.718207
31.0,37.0,2023-07-06 17:17:33.244195
31.0,37.0,2023-07-06 17:17:34.770387
31.0,37.0,2023-07-06 17:17:36.296979
31.0,37.0,2023-07-06 17:17:37.822874
31.0,37.0,2023-07-06 17:17:39.349461
31.0,37.0,2023-07-06 17:17:40.875639
31.0,37.0,2023-07-06 17:17:42.402095
31.0,37.0,2023-07-06 17:17:43.927876
31.0,37.0,2023-07-06 17:17:45.454252
31.0,37.0,2023-07-06 17:17:49.511249
31.0,37.0,2023-07-06 17:17:51.036969
31.0,37.0,2023-07-06 17:17:52.562704
31.0,37.0,2023-07-06 17:17:54.088460
31.0,37.0,2023-07-06 17:17:55.614278
31.0,37.0,2023-07-06 17:18:02.194690
31.0,36.0,2023-07-06 17:18:06.253594
31.0,36.0,2023-07-06 17:18:07.779466
31.0,36.0,2023-07-06 17:18:14.366878
31.0,36.0,2023-07-06 17:18:15.892637
31.0,36.0,2023-07-06 17:18:17.419061
31.0,36.0,2023-07-06 17:18:18.944864
31.0,36.0,2023-07-06 17:18:20.471215
31.0,36.0,2023-07-06 17:18:21.996977
31.0,36.0,2023-07-06 17:18:23.522773
31.0,36.0,2023-07-06 17:18:25.048516
31.0,36.0,2023-07-06 17:18:26.574268
31.0,36.0,2023-07-06 17:18:28.100010
31.0,36.0,2023-07-06 17:18:29.625815
31.0,36.0,2023-07-06 17:18:31.151555
31.0,36.0,2023-07-06 17:18:32.677337
31.0,36.0,2023-07-06 17:18:34.203072
31.0,36.0,2023-07-06 17:18:35.728837
31.0,36.0,2023-07-06 17:18:37.254548
31.0,36.0,2023-07-06 17:18:38.780366
31.0,36.0,2023-07-06 17:18:40.306273
31.0,36.0,2023-07-06 17:18:41.832193
31.0,36.0,2023-07-06 17:18:43.358646
31.0,36.0,2023-07-06 17:18:44.884505
31.0,36.0,2023-07-06 17:18:46.410982
31.0,36.0,2023-07-06 17:18:47.936782
31.0,36.0,2023-07-06 17:18:49.464196
31.0,36.0,2023-07-06 17:18:50.990024
31.0,36.0,2023-07-06 17:18:52.515941
31.0,36.0,2023-07-06 17:18:56.568305
31.0,36.0,2023-07-06 17:18:58.094105
31.0,36.0,2023-07-06 17:18:59.619897
31.0,36.0,2023-07-06 17:19:01.145633
31.0,36.0,2023-07-06 17:19:02.671440
31.0,36.0,2023-07-06 17:19:04.197287
31.0,36.0,2023-07-06 17:19:08.254664
31.0,36.0,2023-07-06 17:19:09.780477
31.0,36.0,2023-07-06 17:19:11.306820
31.0,36.0,2023-07-06 17:19:12.832572
31.0,37.0,2023-07-06 17:19:14.358875
31.0,37.0,2023-07-06 17:19:15.884624
31.0,37.0,2023-07-06 17:19:17.411043
31.0,42.0,2023-07-06 17:19:18.936910
31.0,46.0,2023-07-06 17:19:20.464387
31.0,48.0,2023-07-06 17:19:21.990476
31.0,50.0,2023-07-06 17:19:23.516670
31.0,52.0,2023-07-06 17:19:25.042874
31.0,54.0,2023-07-06 17:19:26.569086
31.0,57.0,2023-07-06 17:19:28.095388
31.0,60.0,2023-07-06 17:19:29.621617
31.0,59.0,2023-07-06 17:19:31.148022
31.0,57.0,2023-07-06 17:19:32.674390
31.0,55.0,2023-07-06 17:19:34.201185
31.0,53.0,2023-07-06 17:19:35.727562
31.0,51.0,2023-07-06 17:19:37.254345
31.0,49.0,2023-07-06 17:19:38.780624
31.0,48.0,2023-07-06 17:19:40.307794
31.0,46.0,2023-07-06 17:19:41.834128
31.0,45.0,2023-07-06 17:19:43.361528
31.0,44.0,2023-07-06 17:19:44.887819
31.0,43.0,2023-07-06 17:19:46.415212
31.0,42.0,2023-07-06 17:19:50.468821
31.0,41.0,2023-07-06 17:19:54.525483
31.0,40.0,2023-07-06 17:19:56.051604
31.0,40.0,2023-07-06 17:19:57.577429
31.0,39.0,2023-07-06 17:19:59.103387
31.0,39.0,2023-07-06 17:20:00.629718
31.0,39.0,2023-07-06 17:20:02.155968
31.0,38.0,2023-07-06 17:20:03.682182
31.0,38.0,2023-07-06 17:20:05.209068
31.0,38.0,2023-07-06 17:20:06.735355
31.0,37.0,2023-07-06 17:20:08.262394
31.0,37.0,2023-07-06 17:20:09.788351
31.0,37.0,2023-07-06 17:20:13.847190
31.0,37.0,2023-07-06 17:20:15.373532
31.0,37.0,2023-07-06 17:20:16.903792
31.0,37.0,2023-07-06 17:20:18.430257
31.0,37.0,2023-07-06 17:20:19.956092
31.0,37.0,2023-07-06 17:20:21.482350
31.0,36.0,2023-07-06 17:20:25.534309
31.0,36.0,2023-07-06 17:20:27.060129
31.0,36.0,2023-07-06 17:20:33.642284
31.0,36.0,2023-07-06 17:20:35.168031
31.0,36.0,2023-07-06 17:20:36.694219
31.0,37.0,2023-07-06 17:20:38.220083
31.0,37.0,2023-07-06 17:20:39.745888
31.0,37.0,2023-07-06 17:20:41.271774
31.0,37.0,2023-07-06 17:20:42.797554
31.0,37.0,2023-07-06 17:20:44.324129
31.0,37.0,2023-07-06 17:20:45.849805
31.0,37.0,2023-07-06 17:20:47.376259
31.0,37.0,2023-07-06 17:20:48.902044
31.0,36.0,2023-07-06 17:20:50.428468
31.0,36.0,2023-07-06 17:20:51.954211
31.0,36.0,2023-07-06 17:20:53.480461
31.0,36.0,2023-07-06 17:20:55.006161
31.0,36.0,2023-07-06 17:20:56.531910
31.0,36.0,2023-07-06 17:20:58.057611
31.0,36.0,2023-07-06 17:20:59.583361
31.0,36.0,2023-07-06 17:21:01.109068
31.0,36.0,2023-07-06 17:21:02.635182
31.0,35.0,2023-07-06 17:21:04.161378
31.0,35.0,2023-07-06 17:21:05.687600
31.0,35.0,2023-07-06 17:21:07.214411
31.0,35.0,2023-07-06 17:21:08.740732
31.0,35.0,2023-07-06 17:21:10.266794
31.0,36.0,2023-07-06 17:21:11.792909
31.0,36.0,2023-07-06 17:21:13.318995
31.0,36.0,2023-07-06 17:21:14.844823
31.0,36.0,2023-07-06 17:21:16.371396
31.0,36.0,2023-07-06 17:21:17.897222
31.0,36.0,2023-07-06 17:21:19.424462
31.0,36.0,2023-07-06 17:21:23.477539
31.0,36.0,2023-07-06 17:21:25.003606
31.0,36.0,2023-07-06 17:21:26.529684
31.0,36.0,2023-07-06 17:21:28.055734
31.0,36.0,2023-07-06 17:21:29.581831
31.0,36.0,2023-07-06 17:21:31.107964
31.0,36.0,2023-07-06 17:21:32.634173
31.0,36.0,2023-07-06 17:21:34.160282
31.0,36.0,2023-07-06 17:21:38.214578
31.0,36.0,2023-07-06 17:21:39.740775
31.0,36.0,2023-07-06 17:21:41.267952
31.0,36.0,2023-07-06 17:21:42.793876
31.0,36.0,2023-07-06 17:21:44.320460
31.0,36.0,2023-07-06 17:21:45.846479
31.0,36.0,2023-07-06 17:21:47.372939
31.0,36.0,2023-07-06 17:21:48.898874
31.0,36.0,2023-07-06 17:21:50.425287
31.0,36.0,2023-07-06 17:21:54.481369
31.0,36.0,2023-07-06 17:21:56.007248
31.0,36.0,2023-07-06 17:21:57.533380
31.0,36.0,2023-07-06 17:21:59.059118
31.0,35.0,2023-07-06 17:22:00.584908
31.0,35.0,2023-07-06 17:22:02.110636
31.0,35.0,2023-07-06 17:22:03.636420
31.0,35.0,2023-07-06 17:22:05.162162
31.0,35.0,2023-07-06 17:22:06.688076
31.0,35.0,2023-07-06 17:22:08.213974
31.0,36.0,2023-07-06 17:22:09.739853
31.0,36.0,2023-07-06 17:22:11.265786
31.0,36.0,2023-07-06 17:22:12.791612
31.0,36.0,2023-07-06 17:22:14.317905
31.0,36.0,2023-07-06 17:22:18.370803
31.0,36.0,2023-07-06 17:22:19.896656
31.0,36.0,2023-07-06 17:22:21.422964
31.0,36.0,2023-07-06 17:22:22.948746
31.0,35.0,2023-07-06 17:22:24.475213
31.0,35.0,2023-07-06 17:22:26.001042
31.0,35.0,2023-07-06 17:22:27.527216
31.0,35.0,2023-07-06 17:22:29.053016
31.0,35.0,2023-07-06 17:22:30.578825
31.0,35.0,2023-07-06 17:22:32.104640
31.0,35.0,2023-07-06 17:22:33.630510
31.0,35.0,2023-07-06 17:22:35.156261
31.0,35.0,2023-07-06 17:22:36.682096
31.0,35.0,2023-07-06 17:22:38.207951
31.0,35.0,2023-07-06 17:22:39.733819
31.0,35.0,2023-07-06 17:22:41.259793
31.0,35.0,2023-07-06 17:22:42.785693
31.0,36.0,2023-07-06 17:22:44.312296
31.0,36.0,2023-07-06 17:22:45.838133
31.0,36.0,2023-07-06 17:22:47.364660
31.0,36.0,2023-07-06 17:22:48.893729
31.0,36.0,2023-07-06 17:22:50.420202
31.0,36.0,2023-07-06 17:22:51.945989
31.0,36.0,2023-07-06 17:22:53.472282
31.0,36.0,2023-07-06 17:22:54.998049
31.0,36.0,2023-07-06 17:22:56.523882
31.0,36.0,2023-07-06 17:22:58.049650
31.0,35.0,2023-07-06 17:22:59.575498
31.0,35.0,2023-07-06 17:23:01.101343
31.0,35.0,2023-07-06 17:23:02.627219
31.0,35.0,2023-07-06 17:23:04.153043
31.0,35.0,2023-07-06 17:23:05.678885
31.0,35.0,2023-07-06 17:23:07.204738
31.0,35.0,2023-07-06 17:23:11.261335
31.0,35.0,2023-07-06 17:23:12.787313
31.0,35.0,2023-07-06 17:23:16.840395
31.0,35.0,2023-07-06 17:23:18.366645
31.0,35.0,2023-07-06 17:23:19.893837
31.0,35.0,2023-07-06 17:23:21.420510
31.0,35.0,2023-07-06 17:23:22.946461
31.0,35.0,2023-07-06 17:23:24.473627
31.0,35.0,2023-07-06 17:23:25.999549
31.0,35.0,2023-07-06 17:23:27.526141
31.0,35.0,2023-07-06 17:23:29.051939
31.0,35.0,2023-07-06 17:23:30.577684
31.0,35.0,2023-07-06 17:23:32.103431
31.0,35.0,2023-07-06 17:23:33.629228
31.0,35.0,2023-07-06 17:23:35.154948
31.0,35.0,2023-07-06 17:23:36.680837
31.0,35.0,2023-07-06 17:23:38.206571
31.0,35.0,2023-07-06 17:23:39.732398
31.0,35.0,2023-07-06 17:23:41.258344
31.0,35.0,2023-07-06 17:23:42.784247
31.0,35.0,2023-07-06 17:23:44.310496
31.0,35.0,2023-07-06 17:23:45.836280
31.0,35.0,2023-07-06 17:23:47.362553
31.0,35.0,2023-07-06 17:23:48.888299
31.0,35.0,2023-07-06 17:23:50.414819
31.0,35.0,2023-07-06 17:23:51.940628
31.0,35.0,2023-07-06 17:23:53.466877
31.0,35.0,2023-07-06 17:23:54.992613
31.0,35.0,2023-07-06 17:23:56.518338
31.0,35.0,2023-07-06 17:23:58.044090
31.0,35.0,2023-07-06 17:23:59.569794
31.0,34.0,2023-07-06 17:24:01.095465
31.0,34.0,2023-07-06 17:24:02.621150
31.0,34.0,2023-07-06 17:24:04.146818
31.0,34.0,2023-07-06 17:24:05.672551
31.0,34.0,2023-07-06 17:24:07.198241
31.0,34.0,2023-07-06 17:24:08.724055
31.0,34.0,2023-07-06 17:24:10.249948
31.0,34.0,2023-07-06 17:24:11.775708
31.0,35.0,2023-07-06 17:24:13.301985
31.0,35.0,2023-07-06 17:24:14.827778
31.0,34.0,2023-07-06 17:24:16.354013
31.0,34.0,2023-07-06 17:24:17.879790
31.0,34.0,2023-07-06 17:24:19.406000
31.0,34.0,2023-07-06 17:24:20.931718
31.0,34.0,2023-07-06 17:24:22.458072
31.0,34.0,2023-07-06 17:24:23.983851
31.0,34.0,2023-07-06 17:24:25.509961
31.0,34.0,2023-07-06 17:24:27.035670
31.0,34.0,2023-07-06 17:24:28.561712
31.0,34.0,2023-07-06 17:24:30.087438
31.0,34.0,2023-07-06 17:24:31.613218
31.0,34.0,2023-07-06 17:24:33.138943
31.0,34.0,2023-07-06 17:24:34.664648
31.0,34.0,2023-07-06 17:24:36.190293
31.0,34.0,2023-07-06 17:24:37.715972
31.0,34.0,2023-07-06 17:24:39.241783
31.0,34.0,2023-07-06 17:24:40.767611
31.0,34.0,2023-07-06 17:24:42.294048
31.0,34.0,2023-07-06 17:24:43.819810
31.0,34.0,2023-07-06 17:24:45.346796
31.0,34.0,2023-07-06 17:24:46.872935
31.0,34.0,2023-07-06 17:24:48.399410
31.0,34.0,2023-07-06 17:24:49.925158
31.0,34.0,2023-07-06 17:24:51.452452
31.0,34.0,2023-07-06 17:24:52.978570
31.0,34.0,2023-07-06 17:24:54.505354
31.0,34.0,2023-07-06 17:24:56.031184
31.0,34.0,2023-07-06 17:24:57.556877
31.0,34.0,2023-07-06 17:24:59.082558
31.0,34.0,2023-07-06 17:25:00.608301
31.0,34.0,2023-07-06 17:25:02.134027
31.0,34.0,2023-07-06 17:25:03.659754
31.0,34.0,2023-07-06 17:25:05.185430
31.0,34.0,2023-07-06 17:25:06.711169
31.0,34.0,2023-07-06 17:25:08.237013
31.0,34.0,2023-07-06 17:25:09.762823
31.0,34.0,2023-07-06 17:25:11.289148
31.0,34.0,2023-07-06 17:25:12.814929
31.0,34.0,2023-07-06 17:25:14.341275
31.0,34.0,2023-07-06 17:25:15.867129
31.0,34.0,2023-07-06 17:25:17.393531
31.0,34.0,2023-07-06 17:25:18.919267
31.0,34.0,2023-07-06 17:25:20.446638
31.0,34.0,2023-07-06 17:25:24.503235
31.0,34.0,2023-07-06 17:25:26.029290
31.0,34.0,2023-07-06 17:25:27.555461
31.0,34.0,2023-07-06 17:25:29.081506
31.0,34.0,2023-07-06 17:25:30.607618
31.0,34.0,2023-07-06 17:25:32.133440
31.0,34.0,2023-07-06 17:25:33.659196
31.0,34.0,2023-07-06 17:25:35.184903
31.0,34.0,2023-07-06 17:25:36.710734
31.0,34.0,2023-07-06 17:25:38.236549
31.0,34.0,2023-07-06 17:25:39.762387
31.0,34.0,2023-07-06 17:25:41.288680
31.0,34.0,2023-07-06 17:25:42.814483
31.0,34.0,2023-07-06 17:25:44.340918
31.0,34.0,2023-07-06 17:25:45.866670
31.0,34.0,2023-07-06 17:25:47.393061
31.0,34.0,2023-07-06 17:25:48.918916
31.0,34.0,2023-07-06 17:25:50.445317
31.0,34.0,2023-07-06 17:25:54.501341
31.0,34.0,2023-07-06 17:25:56.027378
31.0,34.0,2023-07-06 17:25:57.553515
31.0,34.0,2023-07-06 17:25:59.079233
31.0,34.0,2023-07-06 17:26:00.604988
31.0,34.0,2023-07-06 17:26:02.130721
31.0,34.0,2023-07-06 17:26:03.656787
31.0,34.0,2023-07-06 17:26:05.182491
31.0,34.0,2023-07-06 17:26:06.708224
31.0,34.0,2023-07-06 17:26:08.233964
31.0,34.0,2023-07-06 17:26:09.759829
31.0,34.0,2023-07-06 17:26:11.286276
31.0,34.0,2023-07-06 17:26:12.812378
31.0,34.0,2023-07-06 17:26:14.339354
31.0,34.0,2023-07-06 17:26:15.865560
31.0,34.0,2023-07-06 17:26:17.392668
31.0,34.0,2023-07-06 17:26:18.918797
31.0,34.0,2023-07-06 17:26:20.445390
31.0,34.0,2023-07-06 17:26:24.500610
31.0,34.0,2023-07-06 17:26:26.026659
31.0,34.0,2023-07-06 17:26:27.552804
31.0,34.0,2023-07-06 17:26:29.078853
31.0,34.0,2023-07-06 17:26:30.604920
31.0,34.0,2023-07-06 17:26:32.130960
31.0,34.0,2023-07-06 17:26:33.657098
31.0,34.0,2023-07-06 17:26:35.183232
31.0,34.0,2023-07-06 17:26:36.709367
31.0,34.0,2023-07-06 17:26:38.235904
31.0,34.0,2023-07-06 17:26:39.762122
31.0,34.0,2023-07-06 17:26:41.288647
31.0,34.0,2023-07-06 17:26:42.814368
31.0,34.0,2023-07-06 17:26:44.340753
31.0,34.0,2023-07-06 17:26:45.866496
31.0,34.0,2023-07-06 17:26:47.392871
31.0,34.0,2023-07-06 17:26:48.918741
31.0,34.0,2023-07-06 17:26:50.445153
31.0,34.0,2023-07-06 17:26:51.970885
31.0,34.0,2023-07-06 17:26:53.497177
31.0,34.0,2023-07-06 17:26:55.023252
31.0,34.0,2023-07-06 17:26:56.549022
31.0,34.0,2023-07-06 17:26:58.074763
31.0,33.0,2023-07-06 17:26:59.600488
31.0,33.0,2023-07-06 17:27:01.126179
31.0,33.0,2023-07-06 17:27:02.651899
31.0,33.0,2023-07-06 17:27:04.177600
31.0,33.0,2023-07-06 17:27:05.703646
31.0,33.0,2023-07-06 17:27:07.230164
31.0,33.0,2023-07-06 17:27:08.756295
31.0,33.0,2023-07-06 17:27:10.282819
31.0,33.0,2023-07-06 17:27:11.808985
31.0,33.0,2023-07-06 17:27:13.335683
31.0,33.0,2023-07-06 17:27:17.388810
31.0,33.0,2023-07-06 17:27:18.914687
31.0,33.0,2023-07-06 17:27:20.441925
31.0,33.0,2023-07-06 17:27:21.967944
31.0,33.0,2023-07-06 17:27:23.494589
31.0,33.0,2023-07-06 17:27:25.020626
31.0,33.0,2023-07-06 17:27:26.546702
31.0,33.0,2023-07-06 17:27:28.072397
31.0,33.0,2023-07-06 17:27:29.598460
31.0,33.0,2023-07-06 17:27:31.124463
31.0,34.0,2023-07-06 17:27:32.650555
31.0,34.0,2023-07-06 17:27:34.176601
31.0,34.0,2023-07-06 17:27:35.702702
31.0,34.0,2023-07-06 17:27:37.229190
31.0,33.0,2023-07-06 17:27:38.755304
31.0,33.0,2023-07-06 17:27:40.281824
31.0,33.0,2023-07-06 17:27:41.807965
31.0,33.0,2023-07-06 17:27:43.335016
31.0,33.0,2023-07-06 17:27:44.861111
31.0,33.0,2023-07-06 17:27:48.918915
31.0,33.0,2023-07-06 17:27:50.445988
31.0,33.0,2023-07-06 17:27:54.498871
31.0,33.0,2023-07-06 17:27:56.024586
31.0,33.0,2023-07-06 17:27:57.550367
31.0,33.0,2023-07-06 17:27:59.076381
31.0,33.0,2023-07-06 17:28:00.602417
31.0,33.0,2023-07-06 17:28:02.128426
31.0,33.0,2023-07-06 17:28:03.654501
31.0,33.0,2023-07-06 17:28:05.180235
31.0,33.0,2023-07-06 17:28:06.706038
31.0,33.0,2023-07-06 17:28:08.231853
31.0,33.0,2023-07-06 17:28:09.757590
31.0,33.0,2023-07-06 17:28:11.283895
31.0,33.0,2023-07-06 17:28:12.809667
31.0,33.0,2023-07-06 17:28:14.336085
31.0,33.0,2023-07-06 17:28:15.861828
31.0,33.0,2023-07-06 17:28:17.388215
31.0,33.0,2023-07-06 17:28:18.914089
31.0,33.0,2023-07-06 17:28:20.440430
31.0,33.0,2023-07-06 17:28:21.966144
31.0,33.0,2023-07-06 17:28:23.492564
31.0,33.0,2023-07-06 17:28:25.018239
31.0,33.0,2023-07-06 17:28:26.544035
31.0,33.0,2023-07-06 17:28:28.069677
31.0,33.0,2023-07-06 17:28:29.595373
31.0,33.0,2023-07-06 17:28:31.121010
31.0,33.0,2023-07-06 17:28:32.646707
31.0,33.0,2023-07-06 17:28:34.172364
31.0,33.0,2023-07-06 17:28:38.228150
31.0,34.0,2023-07-06 17:28:39.753970
31.0,34.0,2023-07-06 17:28:41.279841
31.0,34.0,2023-07-06 17:28:42.805614
31.0,34.0,2023-07-06 17:28:44.332037
31.0,34.0,2023-07-06 17:28:45.857812
31.0,34.0,2023-07-06 17:28:47.385821
31.0,34.0,2023-07-06 17:28:48.911892
31.0,34.0,2023-07-06 17:28:50.439022
31.0,34.0,2023-07-06 17:28:51.964807
31.0,34.0,2023-07-06 17:28:53.490912
31.0,34.0,2023-07-06 17:28:55.016615
31.0,34.0,2023-07-06 17:28:56.542340
31.0,34.0,2023-07-06 17:28:58.068020
31.0,34.0,2023-07-06 17:28:59.593753
31.0,34.0,2023-07-06 17:29:01.119429
31.0,34.0,2023-07-06 17:29:02.645152
31.0,34.0,2023-07-06 17:29:04.170817
31.0,34.0,2023-07-06 17:29:05.696664
31.0,35.0,2023-07-06 17:29:07.222896
31.0,35.0,2023-07-06 17:29:08.748712
31.0,35.0,2023-07-06 17:29:10.275074
31.0,35.0,2023-07-06 17:29:11.800959
31.0,35.0,2023-07-06 17:29:13.327310
31.0,35.0,2023-07-06 17:29:14.853353
31.0,35.0,2023-07-06 17:29:16.379829
31.0,35.0,2023-07-06 17:29:17.906093
31.0,35.0,2023-07-06 17:29:19.432327
31.0,35.0,2023-07-06 17:29:20.958142
31.0,35.0,2023-07-06 17:29:22.484360
31.0,35.0,2023-07-06 17:29:24.010172
31.0,35.0,2023-07-06 17:29:25.536304
31.0,35.0,2023-07-06 17:29:27.062092
31.0,35.0,2023-07-06 17:29:28.587914
31.0,35.0,2023-07-06 17:29:30.113699
31.0,35.0,2023-07-06 17:29:31.639533
31.0,35.0,2023-07-06 17:29:33.165297
31.0,35.0,2023-07-06 17:29:37.221831
31.0,35.0,2023-07-06 17:29:38.747749
31.0,35.0,2023-07-06 17:29:40.273713
31.0,35.0,2023-07-06 17:29:41.799662
31.0,35.0,2023-07-06 17:29:43.325617
31.0,35.0,2023-07-06 17:29:44.851544
31.0,35.0,2023-07-06 17:29:48.904920
31.0,35.0,2023-07-06 17:29:50.431764
31.0,35.0,2023-07-06 17:29:51.957728
31.0,34.0,2023-07-06 17:29:53.484414
31.0,34.0,2023-07-06 17:29:55.010349
31.0,34.0,2023-07-06 17:29:56.536383
31.0,34.0,2023-07-06 17:29:58.062080
31.0,34.0,2023-07-06 17:29:59.587812
31.0,34.0,2023-07-06 17:30:01.113513
31.0,34.0,2023-07-06 17:30:02.639203
31.0,35.0,2023-07-06 17:30:04.164980
31.0,35.0,2023-07-06 17:30:05.690763
31.0,35.0,2023-07-06 17:30:07.216639
31.0,35.0,2023-07-06 17:30:08.742751
31.0,35.0,2023-07-06 17:30:10.268647
31.0,35.0,2023-07-06 17:30:11.794518
31.0,35.0,2023-07-06 17:30:13.321000
31.0,35.0,2023-07-06 17:30:14.846759
31.0,35.0,2023-07-06 17:30:16.373178
31.0,35.0,2023-07-06 17:30:17.903740
31.0,35.0,2023-07-06 17:30:19.430002
31.0,35.0,2023-07-06 17:30:20.955830
31.0,35.0,2023-07-06 17:30:22.482814
31.0,35.0,2023-07-06 17:30:24.008588
31.0,35.0,2023-07-06 17:30:25.534691
31.0,35.0,2023-07-06 17:30:27.060433
31.0,35.0,2023-07-06 17:30:28.586267
31.0,35.0,2023-07-06 17:30:30.112006
31.0,35.0,2023-07-06 17:30:31.637770
31.0,35.0,2023-07-06 17:30:33.163461
31.0,35.0,2023-07-06 17:30:34.689292
31.0,35.0,2023-07-06 17:30:36.215159
31.0,36.0,2023-07-06 17:30:37.740983
31.0,36.0,2023-07-06 17:30:39.266861
31.0,36.0,2023-07-06 17:30:40.792733
31.0,36.0,2023-07-06 17:30:42.318584
31.0,36.0,2023-07-06 17:30:43.844357
31.0,36.0,2023-07-06 17:30:45.370214
31.0,36.0,2023-07-06 17:30:46.895985
31.0,36.0,2023-07-06 17:30:48.422401
31.0,36.0,2023-07-06 17:30:49.948175
31.0,36.0,2023-07-06 17:30:51.474713
31.0,36.0,2023-07-06 17:30:53.000461
31.0,36.0,2023-07-06 17:30:54.526217
31.0,36.0,2023-07-06 17:30:56.051938
31.0,36.0,2023-07-06 17:30:57.577652
31.0,36.0,2023-07-06 17:30:59.103679
31.0,36.0,2023-07-06 17:31:00.629500
31.0,36.0,2023-07-06 17:31:02.155246
31.0,36.0,2023-07-06 17:31:03.681042
31.0,36.0,2023-07-06 17:31:05.208385
31.0,36.0,2023-07-06 17:31:09.261451
31.0,36.0,2023-07-06 17:31:10.787232
31.0,35.0,2023-07-06 17:31:17.367734
31.0,36.0,2023-07-06 17:31:21.430930
31.0,36.0,2023-07-06 17:31:22.956702
31.0,35.0,2023-07-06 17:31:24.483161
31.0,35.0,2023-07-06 17:31:26.008906
31.0,35.0,2023-07-06 17:31:27.534325
31.0,35.0,2023-07-06 17:31:31.587076
31.0,35.0,2023-07-06 17:31:33.112956
31.0,35.0,2023-07-06 17:31:34.638903
31.0,35.0,2023-07-06 17:31:36.164647
31.0,35.0,2023-07-06 17:31:37.690422
31.0,35.0,2023-07-06 17:31:39.216586
31.0,35.0,2023-07-06 17:31:40.742894
31.0,36.0,2023-07-06 17:31:42.269204
31.0,36.0,2023-07-06 17:31:43.795051
31.0,36.0,2023-07-06 17:31:45.321508
31.0,36.0,2023-07-06 17:31:46.847287
31.0,36.0,2023-07-06 17:31:48.373779
31.0,36.0,2023-07-06 17:31:49.899604
31.0,36.0,2023-07-06 17:31:51.426155
31.0,36.0,2023-07-06 17:31:52.951883
31.0,36.0,2023-07-06 17:31:54.477687
31.0,36.0,2023-07-06 17:31:56.003408
31.0,36.0,2023-07-06 17:31:57.529151
31.0,36.0,2023-07-06 17:31:59.054837
31.0,36.0,2023-07-06 17:32:00.580539
31.0,36.0,2023-07-06 17:32:02.106236
31.0,36.0,2023-07-06 17:32:03.631989
31.0,36.0,2023-07-06 17:32:05.157683
31.0,35.0,2023-07-06 17:32:06.683604
31.0,36.0,2023-07-06 17:32:08.209367
31.0,36.0,2023-07-06 17:32:09.735149
31.0,36.0,2023-07-06 17:32:11.261019
31.0,36.0,2023-07-06 17:32:12.786861
31.0,36.0,2023-07-06 17:32:14.312759
31.0,36.0,2023-07-06 17:32:15.838533
31.0,36.0,2023-07-06 17:32:17.364923
31.0,36.0,2023-07-06 17:32:21.417898
31.0,36.0,2023-07-06 17:32:22.943744
31.0,36.0,2023-07-06 17:32:24.469841
31.0,36.0,2023-07-06 17:32:25.995599
31.0,36.0,2023-07-06 17:32:27.521408
31.0,36.0,2023-07-06 17:32:29.047141
31.0,36.0,2023-07-06 17:32:30.572893
31.0,37.0,2023-07-06 17:32:32.098735
31.0,37.0,2023-07-06 17:32:33.624619
31.0,37.0,2023-07-06 17:32:35.150453
31.0,37.0,2023-07-06 17:32:36.676374
31.0,37.0,2023-07-06 17:32:38.202327
31.0,37.0,2023-07-06 17:32:39.728235
31.0,37.0,2023-07-06 17:32:41.254394
31.0,37.0,2023-07-06 17:32:42.780318
31.0,37.0,2023-07-06 17:32:44.306387
31.0,37.0,2023-07-06 17:32:45.832375
31.0,37.0,2023-07-06 17:32:47.359022
31.0,36.0,2023-07-06 17:32:51.415755
31.0,36.0,2023-07-06 17:32:52.941628
31.0,36.0,2023-07-06 17:32:54.468257
31.0,36.0,2023-07-06 17:32:58.523276
31.0,37.0,2023-07-06 17:33:00.049022
31.0,37.0,2023-07-06 17:33:01.574307
31.0,37.0,2023-07-06 17:33:03.100058
31.0,37.0,2023-07-06 17:33:04.625839
31.0,37.0,2023-07-06 17:33:06.151596
31.0,36.0,2023-07-06 17:33:07.677438
31.0,36.0,2023-07-06 17:33:09.203222
31.0,36.0,2023-07-06 17:33:10.729155
31.0,36.0,2023-07-06 17:33:12.255715
31.0,36.0,2023-07-06 17:33:13.781664
31.0,36.0,2023-07-06 17:33:15.308270
31.0,36.0,2023-07-06 17:33:16.834158
31.0,36.0,2023-07-06 17:33:18.360785
31.0,36.0,2023-07-06 17:33:19.886710
31.0,36.0,2023-07-06 17:33:21.413352
31.0,36.0,2023-07-06 17:33:22.939223
31.0,36.0,2023-07-06 17:33:24.464974
31.0,36.0,2023-07-06 17:33:28.520503
31.0,36.0,2023-07-06 17:33:30.046241
31.0,36.0,2023-07-06 17:33:31.571979
31.0,36.0,2023-07-06 17:33:33.097713
31.0,36.0,2023-07-06 17:33:34.623498
31.0,36.0,2023-07-06 17:33:36.149242
31.0,37.0,2023-07-06 17:33:37.675008
31.0,37.0,2023-07-06 17:33:39.200670
31.0,37.0,2023-07-06 17:33:40.726486
31.0,36.0,2023-07-06 17:33:42.252394
31.0,36.0,2023-07-06 17:33:43.778277
31.0,36.0,2023-07-06 17:33:45.304757
31.0,36.0,2023-07-06 17:33:46.830565
31.0,36.0,2023-07-06 17:33:48.357003
31.0,36.0,2023-07-06 17:33:49.882920
31.0,36.0,2023-07-06 17:33:51.409394
31.0,36.0,2023-07-06 17:33:52.935252
31.0,36.0,2023-07-06 17:33:54.461866
31.0,36.0,2023-07-06 17:33:55.987672
31.0,36.0,2023-07-06 17:33:57.514234
31.0,36.0,2023-07-06 17:33:59.040046
31.0,36.0,2023-07-06 17:34:00.565855
31.0,36.0,2023-07-06 17:34:02.091673
31.0,36.0,2023-07-06 17:34:03.617555
31.0,36.0,2023-07-06 17:34:05.143311
31.0,36.0,2023-07-06 17:34:06.669120
31.0,36.0,2023-07-06 17:34:08.194883
31.0,36.0,2023-07-06 17:34:09.720756
31.0,36.0,2023-07-06 17:34:11.246752
31.0,36.0,2023-07-06 17:34:12.772637
31.0,36.0,2023-07-06 17:34:14.299185
31.0,36.0,2023-07-06 17:34:15.825051
31.0,36.0,2023-07-06 17:34:17.351601
31.0,36.0,2023-07-06 17:34:18.877478
31.0,36.0,2023-07-06 17:34:20.404444
31.0,36.0,2023-07-06 17:34:21.930312
31.0,36.0,2023-07-06 17:34:23.456528
31.0,36.0,2023-07-06 17:34:24.982339
31.0,36.0,2023-07-06 17:34:26.508120
31.0,36.0,2023-07-06 17:34:28.033876
31.0,36.0,2023-07-06 17:34:29.559611
31.0,36.0,2023-07-06 17:34:31.085355
31.0,36.0,2023-07-06 17:34:32.611131
31.0,36.0,2023-07-06 17:34:34.136869
31.0,36.0,2023-07-06 17:34:35.662718
31.0,36.0,2023-07-06 17:34:37.188513
31.0,36.0,2023-07-06 17:34:38.714380
31.0,36.0,2023-07-06 17:34:40.240330
31.0,36.0,2023-07-06 17:34:41.766284
31.0,36.0,2023-07-06 17:34:43.292295
31.0,36.0,2023-07-06 17:34:44.818223
31.0,36.0,2023-07-06 17:34:46.344358
31.0,36.0,2023-07-06 17:34:47.870178
31.0,36.0,2023-07-06 17:34:49.396628
31.0,36.0,2023-07-06 17:34:53.454099
31.0,36.0,2023-07-06 17:34:57.506366
31.0,35.0,2023-07-06 17:34:59.032085
31.0,35.0,2023-07-06 17:35:00.557806
31.0,35.0,2023-07-06 17:35:02.083494
31.0,35.0,2023-07-06 17:35:03.609266
31.0,35.0,2023-07-06 17:35:05.134960
31.0,35.0,2023-07-06 17:35:06.660741
31.0,35.0,2023-07-06 17:35:08.186488
31.0,35.0,2023-07-06 17:35:09.712290
31.0,35.0,2023-07-06 17:35:11.238476
31.0,36.0,2023-07-06 17:35:12.764358
31.0,36.0,2023-07-06 17:35:14.290722
31.0,35.0,2023-07-06 17:35:15.816644
31.0,36.0,2023-07-06 17:35:17.343634
31.0,36.0,2023-07-06 17:35:18.869507
31.0,36.0,2023-07-06 17:35:20.395938
31.0,36.0,2023-07-06 17:35:24.452238
31.0,36.0,2023-07-06 17:35:25.978363
31.0,36.0,2023-07-06 17:35:27.505045
31.0,36.0,2023-07-06 17:35:29.030773
31.0,36.0,2023-07-06 17:35:30.556873
31.0,36.0,2023-07-06 17:35:32.082940
31.0,36.0,2023-07-06 17:35:33.609099
31.0,36.0,2023-07-06 17:35:35.135206
31.0,36.0,2023-07-06 17:35:36.661387
31.0,36.0,2023-07-06 17:35:38.187482
31.0,36.0,2023-07-06 17:35:39.713755
31.0,36.0,2023-07-06 17:35:41.239651
31.0,36.0,2023-07-06 17:35:42.765859
31.0,36.0,2023-07-06 17:35:44.293163
31.0,36.0,2023-07-06 17:35:45.818957
31.0,36.0,2023-07-06 17:35:47.345359
31.0,36.0,2023-07-06 17:35:48.870355
31.0,36.0,2023-07-06 17:35:50.396253
31.0,36.0,2023-07-06 17:35:54.452567
31.0,36.0,2023-07-06 17:35:55.978369
31.0,35.0,2023-07-06 17:35:57.504992
31.0,35.0,2023-07-06 17:35:59.030783
31.0,36.0,2023-07-06 17:36:00.556520
31.0,36.0,2023-07-06 17:36:02.082272
31.0,36.0,2023-07-06 17:36:03.608067
31.0,36.0,2023-07-06 17:36:05.133837
31.0,36.0,2023-07-06 17:36:06.659630
31.0,36.0,2023-07-06 17:36:08.185381
31.0,36.0,2023-07-06 17:36:09.711256
31.0,36.0,2023-07-06 17:36:11.237288
31.0,36.0,2023-07-06 17:36:12.763171
31.0,36.0,2023-07-06 17:36:14.289752
31.0,36.0,2023-07-06 17:36:15.815622
31.0,36.0,2023-07-06 17:36:17.342149
31.0,37.0,2023-07-06 17:36:18.868058
31.0,37.0,2023-07-06 17:36:20.394522
31.0,37.0,2023-07-06 17:36:21.920320
31.0,37.0,2023-07-06 17:36:23.448115
31.0,37.0,2023-07-06 17:36:24.973930
31.0,37.0,2023-07-06 17:36:26.499747
31.0,36.0,2023-07-06 17:36:28.025447
31.0,36.0,2023-07-06 17:36:29.551191
31.0,36.0,2023-07-06 17:36:31.076514
31.0,36.0,2023-07-06 17:36:32.602270
31.0,36.0,2023-07-06 17:36:34.127966
31.0,36.0,2023-07-06 17:36:35.653750
31.0,37.0,2023-07-06 17:36:37.179509
31.0,37.0,2023-07-06 17:36:38.705323
31.0,37.0,2023-07-06 17:36:40.231171
31.0,37.0,2023-07-06 17:36:41.757062
31.0,37.0,2023-07-06 17:36:43.283509
31.0,37.0,2023-07-06 17:36:44.809374
31.0,37.0,2023-07-06 17:36:46.335656
31.0,37.0,2023-07-06 17:36:47.861462
31.0,36.0,2023-07-06 17:36:51.917268
31.0,36.0,2023-07-06 17:36:53.443577
31.0,36.0,2023-07-06 17:36:54.969303
31.0,37.0,2023-07-06 17:36:56.495572
31.0,37.0,2023-07-06 17:36:58.021323
31.0,37.0,2023-07-06 17:36:59.547087
31.0,37.0,2023-07-06 17:37:01.072892
31.0,37.0,2023-07-06 17:37:02.598719
31.0,37.0,2023-07-06 17:37:04.124621
31.0,37.0,2023-07-06 17:37:05.650465
31.0,37.0,2023-07-06 17:37:07.176222
31.0,38.0,2023-07-06 17:37:08.702077
31.0,38.0,2023-07-06 17:37:10.227880
31.0,38.0,2023-07-06 17:37:11.753710
31.0,38.0,2023-07-06 17:37:13.280031
31.0,38.0,2023-07-06 17:37:14.805906
31.0,38.0,2023-07-06 17:37:18.861139
31.0,38.0,2023-07-06 17:37:22.918686
31.0,38.0,2023-07-06 17:37:24.444914
31.0,38.0,2023-07-06 17:37:28.497947
31.0,38.0,2023-07-06 17:37:30.023777
31.0,38.0,2023-07-06 17:37:31.549627
31.0,38.0,2023-07-06 17:37:33.075444
31.0,37.0,2023-07-06 17:37:34.601242
31.0,37.0,2023-07-06 17:37:36.126991
31.0,37.0,2023-07-06 17:37:37.652781
31.0,37.0,2023-07-06 17:37:39.178525
31.0,37.0,2023-07-06 17:37:40.704329
31.0,37.0,2023-07-06 17:37:42.230156
31.0,37.0,2023-07-06 17:37:43.755973
31.0,37.0,2023-07-06 17:37:45.281830
31.0,36.0,2023-07-06 17:37:46.807644
31.0,36.0,2023-07-06 17:37:48.333450
31.0,36.0,2023-07-06 17:37:49.859215
31.0,36.0,2023-07-06 17:37:51.385524
31.0,36.0,2023-07-06 17:37:55.438218
31.0,36.0,2023-07-06 17:37:56.963997
31.0,36.0,2023-07-06 17:37:58.490410
31.0,37.0,2023-07-06 17:38:00.016143
31.0,37.0,2023-07-06 17:38:01.541913
31.0,37.0,2023-07-06 17:38:03.068374
31.0,37.0,2023-07-06 17:38:04.594211
31.0,37.0,2023-07-06 17:38:06.119933
31.0,37.0,2023-07-06 17:38:07.645709
31.0,37.0,2023-07-06 17:38:09.171438
31.0,37.0,2023-07-06 17:38:10.697214
31.0,37.0,2023-07-06 17:38:12.223406
31.0,37.0,2023-07-06 17:38:13.749566
31.0,37.0,2023-07-06 17:38:15.275537
31.0,37.0,2023-07-06 17:38:16.801360
31.0,37.0,2023-07-06 17:38:18.327312
31.0,38.0,2023-07-06 17:38:19.853182
31.0,38.0,2023-07-06 17:38:21.379669
31.0,38.0,2023-07-06 17:38:22.906285
31.0,38.0,2023-07-06 17:38:24.432801
31.0,38.0,2023-07-06 17:38:25.958638
31.0,37.0,2023-07-06 17:38:27.485304
31.0,37.0,2023-07-06 17:38:29.011129
31.0,37.0,2023-07-06 17:38:30.537195
31.0,37.0,2023-07-06 17:38:32.063009
31.0,37.0,2023-07-06 17:38:33.588823
31.0,37.0,2023-07-06 17:38:35.114550
31.0,37.0,2023-07-06 17:38:36.640355
31.0,37.0,2023-07-06 17:38:38.166089
31.0,37.0,2023-07-06 17:38:42.222423
31.0,37.0,2023-07-06 17:38:43.748180
31.0,37.0,2023-07-06 17:38:45.274518
31.0,37.0,2023-07-06 17:38:46.800335
31.0,37.0,2023-07-06 17:38:50.854424
31.0,38.0,2023-07-06 17:38:54.910859
31.0,38.0,2023-07-06 17:38:56.437703
31.0,38.0,2023-07-06 17:38:57.963560
31.0,38.0,2023-07-06 17:38:59.490106
31.0,38.0,2023-07-06 17:39:01.015897
31.0,38.0,2023-07-06 17:39:02.541742
31.0,38.0,2023-07-06 17:39:04.067523
31.0,38.0,2023-07-06 17:39:05.593319
31.0,38.0,2023-07-06 17:39:07.119089
31.0,38.0,2023-07-06 17:39:08.644915
31.0,38.0,2023-07-06 17:39:10.170689
31.0,38.0,2023-07-06 17:39:11.696536
31.0,38.0,2023-07-06 17:39:13.222482
31.0,38.0,2023-07-06 17:39:14.748313
31.0,38.0,2023-07-06 17:39:16.274728
31.0,38.0,2023-07-06 17:39:17.800642
31.0,38.0,2023-07-06 17:39:19.327139
31.0,38.0,2023-07-06 17:39:20.853029
31.0,38.0,2023-07-06 17:39:22.379366
31.0,38.0,2023-07-06 17:39:23.905258
31.0,38.0,2023-07-06 17:39:25.432044
31.0,38.0,2023-07-06 17:39:29.488370
31.0,38.0,2023-07-06 17:39:31.014261
31.0,38.0,2023-07-06 17:39:32.540438
31.0,38.0,2023-07-06 17:39:34.066217
31.0,38.0,2023-07-06 17:39:38.121231
31.0,37.0,2023-07-06 17:39:39.646963
31.0,37.0,2023-07-06 17:39:41.172701
31.0,37.0,2023-07-06 17:39:42.698515
31.0,37.0,2023-07-06 17:39:44.224449
31.0,37.0,2023-07-06 17:39:50.807864
31.0,38.0,2023-07-06 17:39:52.334824
31.0,38.0,2023-07-06 17:39:53.860646
31.0,38.0,2023-07-06 17:39:55.387030
31.0,38.0,2023-07-06 17:39:56.913075
31.0,38.0,2023-07-06 17:39:58.439580
31.0,38.0,2023-07-06 17:39:59.965418
31.0,38.0,2023-07-06 17:40:01.491539
31.0,38.0,2023-07-06 17:40:03.017319
31.0,37.0,2023-07-06 17:40:04.543296
31.0,38.0,2023-07-06 17:40:06.069069
31.0,38.0,2023-07-06 17:40:07.594864
31.0,38.0,2023-07-06 17:40:09.120651
31.0,38.0,2023-07-06 17:40:10.646483
31.0,38.0,2023-07-06 17:40:12.172262
31.0,38.0,2023-07-06 17:40:13.698168
31.0,38.0,2023-07-06 17:40:15.224178
31.0,38.0,2023-07-06 17:40:16.750100
31.0,38.0,2023-07-06 17:40:18.276050
31.0,38.0,2023-07-06 17:40:19.801957
31.0,38.0,2023-07-06 17:40:21.328459
31.0,38.0,2023-07-06 17:40:22.854347
31.0,38.0,2023-07-06 17:40:26.911724
31.0,38.0,2023-07-06 17:40:28.437977
31.0,38.0,2023-07-06 17:40:29.963832
31.0,38.0,2023-07-06 17:40:31.489777
31.0,37.0,2023-07-06 17:40:33.015795
31.0,37.0,2023-07-06 17:40:34.541583
31.0,37.0,2023-07-06 17:40:36.067699
31.0,37.0,2023-07-06 17:40:37.593454
31.0,37.0,2023-07-06 17:40:39.119328
31.0,37.0,2023-07-06 17:40:40.645347
31.0,37.0,2023-07-06 17:40:42.171089
31.0,37.0,2023-07-06 17:40:43.696871
31.0,37.0,2023-07-06 17:40:45.222768
31.0,37.0,2023-07-06 17:40:46.748929
31.0,37.0,2023-07-06 17:40:48.276292
31.0,37.0,2023-07-06 17:40:49.802457
31.0,38.0,2023-07-06 17:40:51.329777
31.0,38.0,2023-07-06 17:40:52.855614
31.0,38.0,2023-07-06 17:40:56.917947
31.0,37.0,2023-07-06 17:40:58.444887
31.0,37.0,2023-07-06 17:40:59.970751
31.0,37.0,2023-07-06 17:41:01.497547
31.0,37.0,2023-07-06 17:41:03.023651
31.0,37.0,2023-07-06 17:41:04.549507
31.0,37.0,2023-07-06 17:41:06.075613
31.0,37.0,2023-07-06 17:41:07.601455
31.0,37.0,2023-07-06 17:41:09.127263
31.0,37.0,2023-07-06 17:41:10.653132
31.0,37.0,2023-07-06 17:41:12.179238
31.0,37.0,2023-07-06 17:41:13.705129
31.0,37.0,2023-07-06 17:41:15.231689
31.0,37.0,2023-07-06 17:41:16.757562
31.0,37.0,2023-07-06 17:41:18.284105
31.0,36.0,2023-07-06 17:41:19.809954
31.0,36.0,2023-07-06 17:41:21.337219
31.0,36.0,2023-07-06 17:41:25.393562
31.0,36.0,2023-07-06 17:41:26.919657
31.0,36.0,2023-07-06 17:41:28.446946
31.0,36.0,2023-07-06 17:41:29.973186
31.0,36.0,2023-07-06 17:41:31.500470
31.0,36.0,2023-07-06 17:41:33.025673
31.0,36.0,2023-07-06 17:41:34.551796
31.0,36.0,2023-07-06 17:41:36.077816
31.0,36.0,2023-07-06 17:41:37.603565
31.0,36.0,2023-07-06 17:41:39.129586
31.0,36.0,2023-07-06 17:41:40.655682
31.0,36.0,2023-07-06 17:41:42.181685
31.0,36.0,2023-07-06 17:41:43.707759
31.0,36.0,2023-07-06 17:41:45.233892
31.0,36.0,2023-07-06 17:41:46.760018
31.0,36.0,2023-07-06 17:41:48.287110
31.0,36.0,2023-07-06 17:41:49.813258
31.0,36.0,2023-07-06 17:41:51.340461
31.0,36.0,2023-07-06 17:41:52.866531
31.0,36.0,2023-07-06 17:41:56.921976
31.0,36.0,2023-07-06 17:41:58.448238
31.0,36.0,2023-07-06 17:41:59.973970
31.0,36.0,2023-07-06 17:42:04.025674
31.0,36.0,2023-07-06 17:42:05.551771
31.0,36.0,2023-07-06 17:42:07.077561
31.0,36.0,2023-07-06 17:42:08.603236
31.0,36.0,2023-07-06 17:42:10.128891
31.0,36.0,2023-07-06 17:42:11.654560
31.0,36.0,2023-07-06 17:42:13.180198
31.0,36.0,2023-07-06 17:42:14.705928
31.0,36.0,2023-07-06 17:42:16.231678
31.0,36.0,2023-07-06 17:42:17.757422
31.0,36.0,2023-07-06 17:42:19.283256
31.0,36.0,2023-07-06 17:42:20.809028
31.0,36.0,2023-07-06 17:42:22.335425
31.0,36.0,2023-07-06 17:42:23.861157
31.0,36.0,2023-07-06 17:42:27.915234
31.0,36.0,2023-07-06 17:42:29.441251
31.0,36.0,2023-07-06 17:42:30.966958
31.0,36.0,2023-07-06 17:42:32.493371
31.0,36.0,2023-07-06 17:42:34.019038
31.0,36.0,2023-07-06 17:42:35.544930
31.0,36.0,2023-07-06 17:42:37.070589
31.0,36.0,2023-07-06 17:42:38.596259
31.0,36.0,2023-07-06 17:42:40.121911
31.0,36.0,2023-07-06 17:42:41.647613
31.0,36.0,2023-07-06 17:42:43.173269
31.0,36.0,2023-07-06 17:42:44.699030
31.0,36.0,2023-07-06 17:42:46.225051
31.0,36.0,2023-07-06 17:42:47.750768
31.0,36.0,2023-07-06 17:42:49.276610
31.0,36.0,2023-07-06 17:42:50.802321
31.0,35.0,2023-07-06 17:42:52.328790
31.0,35.0,2023-07-06 17:42:53.854972
31.0,35.0,2023-07-06 17:43:00.440057
31.0,35.0,2023-07-06 17:43:01.965800
31.0,35.0,2023-07-06 17:43:03.491723
31.0,35.0,2023-07-06 17:43:05.017452
31.0,35.0,2023-07-06 17:43:06.543866
31.0,35.0,2023-07-06 17:43:08.069594
31.0,35.0,2023-07-06 17:43:09.595361
31.0,35.0,2023-07-06 17:43:11.121001
31.0,35.0,2023-07-06 17:43:12.646705
31.0,35.0,2023-07-06 17:43:14.172359
31.0,35.0,2023-07-06 17:43:15.698077
31.0,35.0,2023-07-06 17:43:17.223945
31.0,35.0,2023-07-06 17:43:18.749718
31.0,35.0,2023-07-06 17:43:20.275537
31.0,36.0,2023-07-06 17:43:24.332076
30.0,36.0,2023-07-06 17:43:30.915377
30.0,36.0,2023-07-06 17:43:32.442594
30.0,36.0,2023-07-06 17:43:33.968350
30.0,35.0,2023-07-06 17:43:35.494825
30.0,35.0,2023-07-06 17:43:37.020962
30.0,35.0,2023-07-06 17:43:38.547138
30.0,35.0,2023-07-06 17:43:40.073256
30.0,35.0,2023-07-06 17:43:41.599402
30.0,35.0,2023-07-06 17:43:43.125161
30.0,35.0,2023-07-06 17:43:44.650964
30.0,35.0,2023-07-06 17:43:46.176713
30.0,35.0,2023-07-06 17:43:47.702494
30.0,35.0,2023-07-06 17:43:49.228248
30.0,35.0,2023-07-06 17:43:50.754098
30.0,35.0,2023-07-06 17:43:52.280541
30.0,35.0,2023-07-06 17:43:53.806383
30.0,35.0,2023-07-06 17:43:55.332308
30.0,35.0,2023-07-06 17:43:56.858145
30.0,35.0,2023-07-06 17:43:58.384596
30.0,35.0,2023-07-06 17:44:02.438641
30.0,35.0,2023-07-06 17:44:03.964349
30.0,35.0,2023-07-06 17:44:05.490720
30.0,35.0,2023-07-06 17:44:07.016826
30.0,35.0,2023-07-06 17:44:08.542997
30.0,35.0,2023-07-06 17:44:10.069091
30.0,35.0,2023-07-06 17:44:11.594371
30.0,35.0,2023-07-06 17:44:13.120475
30.0,35.0,2023-07-06 17:44:14.646643
30.0,35.0,2023-07-06 17:44:16.172748
30.0,35.0,2023-07-06 17:44:17.698593
30.0,35.0,2023-07-06 17:44:19.224486
30.0,35.0,2023-07-06 17:44:20.750642
30.0,35.0,2023-07-06 17:44:22.276669
30.0,35.0,2023-07-06 17:44:23.802869
30.0,35.0,2023-07-06 17:44:25.330058
30.0,35.0,2023-07-06 17:44:26.856223
30.0,35.0,2023-07-06 17:44:30.914980
30.0,35.0,2023-07-06 17:44:32.442346
30.0,35.0,2023-07-06 17:44:33.968501
30.0,35.0,2023-07-06 17:44:35.494950
30.0,35.0,2023-07-06 17:44:37.020706
30.0,35.0,2023-07-06 17:44:38.546928
30.0,35.0,2023-07-06 17:44:40.072673
30.0,35.0,2023-07-06 17:44:41.598470
30.0,35.0,2023-07-06 17:44:43.124239
30.0,35.0,2023-07-06 17:44:44.650046
30.0,35.0,2023-07-06 17:44:46.175788
30.0,35.0,2023-07-06 17:44:50.232148
30.0,35.0,2023-07-06 17:44:54.288930
30.0,35.0,2023-07-06 17:44:55.814718
30.0,35.0,2023-07-06 17:44:57.340991
30.0,35.0,2023-07-06 17:44:58.866765
30.0,35.0,2023-07-06 17:45:05.452474
30.0,35.0,2023-07-06 17:45:06.978206
30.0,35.0,2023-07-06 17:45:08.504954
30.0,35.0,2023-07-06 17:45:10.031007
30.0,35.0,2023-07-06 17:45:11.556734
30.0,35.0,2023-07-06 17:45:13.082436
30.0,35.0,2023-07-06 17:45:14.608187
30.0,35.0,2023-07-06 17:45:16.133915
30.0,35.0,2023-07-06 17:45:17.659654
30.0,35.0,2023-07-06 17:45:19.185357
30.0,35.0,2023-07-06 17:45:20.711123
30.0,35.0,2023-07-06 17:45:22.236925
30.0,35.0,2023-07-06 17:45:23.762746
30.0,35.0,2023-07-06 17:45:25.289038
30.0,35.0,2023-07-06 17:45:29.345946
30.0,35.0,2023-07-06 17:45:30.871710
30.0,35.0,2023-07-06 17:45:32.398126
30.0,35.0,2023-07-06 17:45:33.923911
30.0,35.0,2023-07-06 17:45:35.450459
30.0,35.0,2023-07-06 17:45:36.976203
30.0,34.0,2023-07-06 17:45:41.031792
30.0,34.0,2023-07-06 17:45:42.557778
30.0,34.0,2023-07-06 17:45:44.083418
30.0,34.0,2023-07-06 17:45:45.609439
30.0,35.0,2023-07-06 17:45:47.135203
30.0,35.0,2023-07-06 17:45:51.190066
30.0,35.0,2023-07-06 17:45:52.715867
30.0,35.0,2023-07-06 17:45:54.241819
30.0,35.0,2023-07-06 17:45:55.768000
30.0,35.0,2023-07-06 17:45:57.294578
30.0,35.0,2023-07-06 17:45:58.820703
30.0,35.0,2023-07-06 17:46:00.347245
30.0,35.0,2023-07-06 17:46:01.873035
30.0,35.0,2023-07-06 17:46:03.400016
30.0,35.0,2023-07-06 17:46:04.926232
30.0,35.0,2023-07-06 17:46:06.452719
30.0,35.0,2023-07-06 17:46:07.978819
30.0,35.0,2023-07-06 17:46:09.505704
30.0,35.0,2023-07-06 17:46:13.558043
30.0,35.0,2023-07-06 17:46:15.084446
30.0,35.0,2023-07-06 17:46:16.610179
30.0,35.0,2023-07-06 17:46:18.135880
30.0,35.0,2023-07-06 17:46:19.661595
30.0,35.0,2023-07-06 17:46:21.187368
30.0,35.0,2023-07-06 17:46:22.713167
30.0,35.0,2023-07-06 17:46:24.238993
30.0,35.0,2023-07-06 17:46:25.764809
30.0,35.0,2023-07-06 17:46:27.290627
30.0,35.0,2023-07-06 17:46:28.816444
30.0,35.0,2023-07-06 17:46:30.342242
30.0,35.0,2023-07-06 17:46:31.868096
30.0,34.0,2023-07-06 17:46:35.920931
30.0,34.0,2023-07-06 17:46:37.447278
30.0,34.0,2023-07-06 17:46:38.972861
30.0,34.0,2023-07-06 17:46:40.498484
30.0,34.0,2023-07-06 17:46:42.024334
30.0,34.0,2023-07-06 17:46:43.550041
30.0,34.0,2023-07-06 17:46:45.076009
30.0,34.0,2023-07-06 17:46:46.601633
30.0,34.0,2023-07-06 17:46:48.127243
30.0,34.0,2023-07-06 17:46:54.712858
30.0,34.0,2023-07-06 17:46:56.238872
30.0,34.0,2023-07-06 17:46:57.765127
30.0,34.0,2023-07-06 17:46:59.292331
30.0,34.0,2023-07-06 17:47:00.818577
30.0,34.0,2023-07-06 17:47:02.345768
30.0,34.0,2023-07-06 17:47:03.872046
30.0,34.0,2023-07-06 17:47:05.399242
30.0,35.0,2023-07-06 17:47:06.924409
30.0,35.0,2023-07-06 17:47:08.451657
30.0,35.0,2023-07-06 17:47:09.977800
30.0,35.0,2023-07-06 17:47:11.505015
30.0,35.0,2023-07-06 17:47:13.031128
30.0,35.0,2023-07-06 17:47:17.084081
30.0,35.0,2023-07-06 17:47:18.609964
30.0,36.0,2023-07-06 17:47:20.135615
30.0,36.0,2023-07-06 17:47:21.661281
30.0,36.0,2023-07-06 17:47:23.186911
30.0,36.0,2023-07-06 17:47:24.712655
30.0,36.0,2023-07-06 17:47:26.239086
30.0,36.0,2023-07-06 17:47:27.764529
30.0,36.0,2023-07-06 17:47:29.290339
30.0,35.0,2023-07-06 17:47:30.816437
30.0,35.0,2023-07-06 17:47:32.343287
30.0,35.0,2023-07-06 17:47:33.869111
30.0,35.0,2023-07-06 17:47:35.395089
30.0,34.0,2023-07-06 17:47:39.452047
30.0,34.0,2023-07-06 17:47:40.977768
30.0,34.0,2023-07-06 17:47:42.503605
30.0,34.0,2023-07-06 17:47:44.029331
30.0,34.0,2023-07-06 17:47:45.555174
30.0,34.0,2023-07-06 17:47:47.080885
30.0,34.0,2023-07-06 17:47:48.606614
30.0,34.0,2023-07-06 17:47:50.132289
30.0,34.0,2023-07-06 17:47:51.658043
30.0,34.0,2023-07-06 17:47:53.183752
30.0,35.0,2023-07-06 17:47:54.709606
30.0,35.0,2023-07-06 17:47:56.235521
